Pincode,OfficeName,OfficeType,DeliveryStatus,DivisionName,RegionName,CircleName,Taluk,DistrictName,StateName
380001,Ahmedabad Office 0,Head Office,Delivery,Ahmedabad Division,Ahmedabad Region,GUJARAT Circle,Daskroi,Ahmedabad,GUJARAT
380002,Ahmedabad Office 1,Sub Office,Non-Delivery,Ahmedabad Division,Ahmedabad Region,GUJARAT Circle,Daskroi,Ahmedabad,GUJARAT
380003,Ahmedabad Office 2,Branch Office,Delivery,Ahmedabad Division,Ahmedabad Region,GUJARAT Circle,Daskroi,Ahmedabad,GUJARAT
380004,Ahmedabad Office 3,Head Office,Non-Delivery,Ahmedabad Division,Ahmedabad Region,GUJARAT Circle,Daskroi,Ahmedabad,GUJARAT
380005,Ahmedabad Office 4,Sub Office,Delivery,Ahmedabad Division,Ahmedabad Region,GUJARAT Circle,Daskroi,Ahmedabad,GUJARAT
380006,Ahmedabad Office 5,Branch Office,Non-Delivery,Ahmedabad Division,Ahmedabad Region,GUJARAT Circle,Daskroi,Ahmedabad,GUJARAT
380007,Ahmedabad Office 6,Head Office,Delivery,Ahmedabad Division,Ahmedabad Region,GUJARAT Circle,Daskroi,Ahmedabad,GUJARAT
380008,Ahmedabad Office 7,Sub Office,Non-Delivery,Ahmedabad Division,Ahmedabad Region,GUJARAT Circle,Daskroi,Ahmedabad,GUJARAT
380009,Ahmedabad Office 8,Branch Office,Delivery,Ahmedabad Division,Ahmedabad Region,GUJARAT Circle,Daskroi,Ahmedabad,GUJARAT
380010,Ahmedabad Office 9,Head Office,Non-Delivery,Ahmedabad Division,Ahmedabad Region,GUJARAT Circle,Daskroi,Ahmedabad,GUJARAT
380011,Ahmedabad Office 10,Sub Office,Delivery,Ahmedabad Division,Ahmedabad Region,GUJARAT Circle,Daskroi,Ahmedabad,GUJARAT
380012,Ahmedabad Office 11,Branch Office,Non-Delivery,Ahmedabad Division,Ahmedabad Region,GUJARAT Circle,Daskroi,Ahmedabad,GUJARAT
380013,Ahmedabad Office 12,Head Office,Delivery,Ahmedabad Division,Ahmedabad Region,GUJARAT Circle,Daskroi,Ahmedabad,GUJARAT
380014,Ahmedabad Office 13,Sub Office,Non-Delivery,Ahmedabad Division,Ahmedabad Region,GUJARAT Circle,Daskroi,Ahmedabad,GUJARAT
380015,Ahmedabad Office 14,Branch Office,Delivery,Ahmedabad Division,Ahmedabad Region,GUJARAT Circle,Daskroi,Ahmedabad,GUJARAT
380016,Ahmedabad Office 15,Head Office,Non-Delivery,Ahmedabad Division,Ahmedabad Region,GUJARAT Circle,Daskroi,Ahmedabad,GUJARAT
380017,Ahmedabad Office 16,Sub Office,Delivery,Ahmedabad Division,Ahmedabad Region,GUJARAT Circle,Daskroi,Ahmedabad,GUJARAT
380018,Ahmedabad Office 17,Branch Office,Non-Delivery,Ahmedabad Division,Ahmedabad Region,GUJARAT Circle,Daskroi,Ahmedabad,GUJARAT
380019,Ahmedabad Office 18,Head Office,Delivery,Ahmedabad Division,Ahmedabad Region,GUJARAT Circle,Daskroi,Ahmedabad,GUJARAT
380020,Ahmedabad Office 19,Sub Office,Non-Delivery,Ahmedabad Division,Ahmedabad Region,GUJARAT Circle,Daskroi,Ahmedabad,GUJARAT
380021,Ahmedabad Office 20,Branch Office,Delivery,Ahmedabad Division,Ahmedabad Region,GUJARAT Circle,Daskroi,Ahmedabad,GUJARAT
380022,Ahmedabad Office 21,Head Office,Non-Delivery,Ahmedabad Division,Ahmedabad Region,GUJARAT Circle,Daskroi,Ahmedabad,GUJARAT
380023,Ahmedabad Office 22,Sub Office,Delivery,Ahmedabad Division,Ahmedabad Region,GUJARAT Circle,Daskroi,Ahmedabad,GUJARAT
380024,Ahmedabad Office 23,Branch Office,Non-Delivery,Ahmedabad Division,Ahmedabad Region,GUJARAT Circle,Daskroi,Ahmedabad,GUJARAT
380025,Ahmedabad Office 24,Head Office,Delivery,Ahmedabad Division,Ahmedabad Region,GUJARAT Circle,Daskroi,Ahmedabad,GUJARAT
380026,Ahmedabad Office 25,Sub Office,Non-Delivery,Ahmedabad Division,Ahmedabad Region,GUJARAT Circle,Daskroi,Ahmedabad,GUJARAT
380027,Ahmedabad Office 26,Branch Office,Delivery,Ahmedabad Division,Ahmedabad Region,GUJARAT Circle,Daskroi,Ahmedabad,GUJARAT
380028,Ahmedabad Office 27,Head Office,Non-Delivery,Ahmedabad Division,Ahmedabad Region,GUJARAT Circle,Daskroi,Ahmedabad,GUJARAT
380029,Ahmedabad Office 28,Sub Office,Delivery,Ahmedabad Division,Ahmedabad Region,GUJARAT Circle,Daskroi,Ahmedabad,GUJARAT
380030,Ahmedabad Office 29,Branch Office,Non-Delivery,Ahmedabad Division,Ahmedabad Region,GUJARAT Circle,Daskroi,Ahmedabad,GUJARAT
380031,Ahmedabad Office 30,Head Office,Delivery,Ahmedabad Division,Ahmedabad Region,GUJARAT Circle,Daskroi,Ahmedabad,GUJARAT
380032,Ahmedabad Office 31,Sub Office,Non-Delivery,Ahmedabad Division,Ahmedabad Region,GUJARAT Circle,Daskroi,Ahmedabad,GUJARAT
380033,Ahmedabad Office 32,Branch Office,Delivery,Ahmedabad Division,Ahmedabad Region,GUJARAT Circle,Daskroi,Ahmedabad,GUJARAT
380034,Ahmedabad Office 33,Head Office,Non-Delivery,Ahmedabad Division,Ahmedabad Region,GUJARAT Circle,Daskroi,Ahmedabad,GUJARAT
380035,Ahmedabad Office 34,Sub Office,Delivery,Ahmedabad Division,Ahmedabad Region,GUJARAT Circle,Daskroi,Ahmedabad,GUJARAT
380036,Ahmedabad Office 35,Branch Office,Non-Delivery,Ahmedabad Division,Ahmedabad Region,GUJARAT Circle,Daskroi,Ahmedabad,GUJARAT
380037,Ahmedabad Office 36,Head Office,Delivery,Ahmedabad Division,Ahmedabad Region,GUJARAT Circle,Daskroi,Ahmedabad,GUJARAT
380038,Ahmedabad Office 37,Sub Office,Non-Delivery,Ahmedabad Division,Ahmedabad Region,GUJARAT Circle,Daskroi,Ahmedabad,GUJARAT
380039,Ahmedabad Office 38,Branch Office,Delivery,Ahmedabad Division,Ahmedabad Region,GUJARAT Circle,Daskroi,Ahmedabad,GUJARAT
380040,Ahmedabad Office 39,Head Office,Non-Delivery,Ahmedabad Division,Ahmedabad Region,GUJARAT Circle,Daskroi,Ahmedabad,GUJARAT
380041,Ahmedabad Office 40,Sub Office,Delivery,Ahmedabad Division,Ahmedabad Region,GUJARAT Circle,Daskroi,Ahmedabad,GUJARAT
380042,Ahmedabad Office 41,Branch Office,Non-Delivery,Ahmedabad Division,Ahmedabad Region,GUJARAT Circle,Daskroi,Ahmedabad,GUJARAT
380043,Ahmedabad Office 42,Head Office,Delivery,Ahmedabad Division,Ahmedabad Region,GUJARAT Circle,Daskroi,Ahmedabad,GUJARAT
380044,Ahmedabad Office 43,Sub Office,Non-Delivery,Ahmedabad Division,Ahmedabad Region,GUJARAT Circle,Daskroi,Ahmedabad,GUJARAT
380045,Ahmedabad Office 44,Branch Office,Delivery,Ahmedabad Division,Ahmedabad Region,GUJARAT Circle,Daskroi,Ahmedabad,GUJARAT
380046,Ahmedabad Office 45,Head Office,Non-Delivery,Ahmedabad Division,Ahmedabad Region,GUJARAT Circle,Daskroi,Ahmedabad,GUJARAT
380047,Ahmedabad Office 46,Sub Office,Delivery,Ahmedabad Division,Ahmedabad Region,GUJARAT Circle,Daskroi,Ahmedabad,GUJARAT
380048,Ahmedabad Office 47,Branch Office,Non-Delivery,Ahmedabad Division,Ahmedabad Region,GUJARAT Circle,Daskroi,Ahmedabad,GUJARAT
380049,Ahmedabad Office 48,Head Office,Delivery,Ahmedabad Division,Ahmedabad Region,GUJARAT Circle,Daskroi,Ahmedabad,GUJARAT
380050,Ahmedabad Office 49,Sub Office,Non-Delivery,Ahmedabad Division,Ahmedabad Region,GUJARAT Circle,Daskroi,Ahmedabad,GUJARAT
390051,Surat Office 0,Head Office,Delivery,Surat Division,Surat Region,GUJARAT Circle,Surat City,Surat,GUJARAT
390052,Surat Office 1,Sub Office,Non-Delivery,Surat Division,Surat Region,GUJARAT Circle,Surat City,Surat,GUJARAT
390053,Surat Office 2,Branch Office,Delivery,Surat Division,Surat Region,GUJARAT Circle,Surat City,Surat,GUJARAT
390054,Surat Office 3,Head Office,Non-Delivery,Surat Division,Surat Region,GUJARAT Circle,Surat City,Surat,GUJARAT
390055,Surat Office 4,Sub Office,Delivery,Surat Division,Surat Region,GUJARAT Circle,Surat City,Surat,GUJARAT
390056,Surat Office 5,Branch Office,Non-Delivery,Surat Division,Surat Region,GUJARAT Circle,Surat City,Surat,GUJARAT
390057,Surat Office 6,Head Office,Delivery,Surat Division,Surat Region,GUJARAT Circle,Surat City,Surat,GUJARAT
390058,Surat Office 7,Sub Office,Non-Delivery,Surat Division,Surat Region,GUJARAT Circle,Surat City,Surat,GUJARAT
390059,Surat Office 8,Branch Office,Delivery,Surat Division,Surat Region,GUJARAT Circle,Surat City,Surat,GUJARAT
390060,Surat Office 9,Head Office,Non-Delivery,Surat Division,Surat Region,GUJARAT Circle,Surat City,Surat,GUJARAT
390061,Surat Office 10,Sub Office,Delivery,Surat Division,Surat Region,GUJARAT Circle,Surat City,Surat,GUJARAT
390062,Surat Office 11,Branch Office,Non-Delivery,Surat Division,Surat Region,GUJARAT Circle,Surat City,Surat,GUJARAT
390063,Surat Office 12,Head Office,Delivery,Surat Division,Surat Region,GUJARAT Circle,Surat City,Surat,GUJARAT
390064,Surat Office 13,Sub Office,Non-Delivery,Surat Division,Surat Region,GUJARAT Circle,Surat City,Surat,GUJARAT
390065,Surat Office 14,Branch Office,Delivery,Surat Division,Surat Region,GUJARAT Circle,Surat City,Surat,GUJARAT
390066,Surat Office 15,Head Office,Non-Delivery,Surat Division,Surat Region,GUJARAT Circle,Surat City,Surat,GUJARAT
390067,Surat Office 16,Sub Office,Delivery,Surat Division,Surat Region,GUJARAT Circle,Surat City,Surat,GUJARAT
390068,Surat Office 17,Branch Office,Non-Delivery,Surat Division,Surat Region,GUJARAT Circle,Surat City,Surat,GUJARAT
390069,Surat Office 18,Head Office,Delivery,Surat Division,Surat Region,GUJARAT Circle,Surat City,Surat,GUJARAT
390070,Surat Office 19,Sub Office,Non-Delivery,Surat Division,Surat Region,GUJARAT Circle,Surat City,Surat,GUJARAT
390071,Surat Office 20,Branch Office,Delivery,Surat Division,Surat Region,GUJARAT Circle,Surat City,Surat,GUJARAT
390072,Surat Office 21,Head Office,Non-Delivery,Surat Division,Surat Region,GUJARAT Circle,Surat City,Surat,GUJARAT
390073,Surat Office 22,Sub Office,Delivery,Surat Division,Surat Region,GUJARAT Circle,Surat City,Surat,GUJARAT
390074,Surat Office 23,Branch Office,Non-Delivery,Surat Division,Surat Region,GUJARAT Circle,Surat City,Surat,GUJARAT
390075,Surat Office 24,Head Office,Delivery,Surat Division,Surat Region,GUJARAT Circle,Surat City,Surat,GUJARAT
390076,Surat Office 25,Sub Office,Non-Delivery,Surat Division,Surat Region,GUJARAT Circle,Surat City,Surat,GUJARAT
390077,Surat Office 26,Branch Office,Delivery,Surat Division,Surat Region,GUJARAT Circle,Surat City,Surat,GUJARAT
390078,Surat Office 27,Head Office,Non-Delivery,Surat Division,Surat Region,GUJARAT Circle,Surat City,Surat,GUJARAT
390079,Surat Office 28,Sub Office,Delivery,Surat Division,Surat Region,GUJARAT Circle,Surat City,Surat,GUJARAT
390080,Surat Office 29,Branch Office,Non-Delivery,Surat Division,Surat Region,GUJARAT Circle,Surat City,Surat,GUJARAT
390081,Surat Office 30,Head Office,Delivery,Surat Division,Surat Region,GUJARAT Circle,Surat City,Surat,GUJARAT
390082,Surat Office 31,Sub Office,Non-Delivery,Surat Division,Surat Region,GUJARAT Circle,Surat City,Surat,GUJARAT
390083,Surat Office 32,Branch Office,Delivery,Surat Division,Surat Region,GUJARAT Circle,Surat City,Surat,GUJARAT
390084,Surat Office 33,Head Office,Non-Delivery,Surat Division,Surat Region,GUJARAT Circle,Surat City,Surat,GUJARAT
390085,Surat Office 34,Sub Office,Delivery,Surat Division,Surat Region,GUJARAT Circle,Surat City,Surat,GUJARAT
390086,Surat Office 35,Branch Office,Non-Delivery,Surat Division,Surat Region,GUJARAT Circle,Surat City,Surat,GUJARAT
390087,Surat Office 36,Head Office,Delivery,Surat Division,Surat Region,GUJARAT Circle,Surat City,Surat,GUJARAT
390088,Surat Office 37,Sub Office,Non-Delivery,Surat Division,Surat Region,GUJARAT Circle,Surat City,Surat,GUJARAT
390089,Surat Office 38,Branch Office,Delivery,Surat Division,Surat Region,GUJARAT Circle,Surat City,Surat,GUJARAT
390090,Surat Office 39,Head Office,Non-Delivery,Surat Division,Surat Region,GUJARAT Circle,Surat City,Surat,GUJARAT
390091,Surat Office 40,Sub Office,Delivery,Surat Division,Surat Region,GUJARAT Circle,Surat City,Surat,GUJARAT
390092,Surat Office 41,Branch Office,Non-Delivery,Surat Division,Surat Region,GUJARAT Circle,Surat City,Surat,GUJARAT
390093,Surat Office 42,Head Office,Delivery,Surat Division,Surat Region,GUJARAT Circle,Surat City,Surat,GUJARAT
390094,Surat Office 43,Sub Office,Non-Delivery,Surat Division,Surat Region,GUJARAT Circle,Surat City,Surat,GUJARAT
390095,Surat Office 44,Branch Office,Delivery,Surat Division,Surat Region,GUJARAT Circle,Surat City,Surat,GUJARAT
390096,Surat Office 45,Head Office,Non-Delivery,Surat Division,Surat Region,GUJARAT Circle,Surat City,Surat,GUJARAT
390097,Surat Office 46,Sub Office,Delivery,Surat Division,Surat Region,GUJARAT Circle,Surat City,Surat,GUJARAT
390098,Surat Office 47,Branch Office,Non-Delivery,Surat Division,Surat Region,GUJARAT Circle,Surat City,Surat,GUJARAT
390099,Surat Office 48,Head Office,Delivery,Surat Division,Surat Region,GUJARAT Circle,Surat City,Surat,GUJARAT
390100,Surat Office 49,Sub Office,Non-Delivery,Surat Division,Surat Region,GUJARAT Circle,Surat City,Surat,GUJARAT
390101,Vadodara Office 0,Head Office,Delivery,Vadodara Division,Vadodara Region,GUJARAT Circle,Vadodara,Vadodara,GUJARAT
390102,Vadodara Office 1,Sub Office,Non-Delivery,Vadodara Division,Vadodara Region,GUJARAT Circle,Vadodara,Vadodara,GUJARAT
390103,Vadodara Office 2,Branch Office,Delivery,Vadodara Division,Vadodara Region,GUJARAT Circle,Vadodara,Vadodara,GUJARAT
390104,Vadodara Office 3,Head Office,Non-Delivery,Vadodara Division,Vadodara Region,GUJARAT Circle,Vadodara,Vadodara,GUJARAT
390105,Vadodara Office 4,Sub Office,Delivery,Vadodara Division,Vadodara Region,GUJARAT Circle,Vadodara,Vadodara,GUJARAT
390106,Vadodara Office 5,Branch Office,Non-Delivery,Vadodara Division,Vadodara Region,GUJARAT Circle,Vadodara,Vadodara,GUJARAT
390107,Vadodara Office 6,Head Office,Delivery,Vadodara Division,Vadodara Region,GUJARAT Circle,Vadodara,Vadodara,GUJARAT
390108,Vadodara Office 7,Sub Office,Non-Delivery,Vadodara Division,Vadodara Region,GUJARAT Circle,Vadodara,Vadodara,GUJARAT
390109,Vadodara Office 8,Branch Office,Delivery,Vadodara Division,Vadodara Region,GUJARAT Circle,Vadodara,Vadodara,GUJARAT
390110,Vadodara Office 9,Head Office,Non-Delivery,Vadodara Division,Vadodara Region,GUJARAT Circle,Vadodara,Vadodara,GUJARAT
390111,Vadodara Office 10,Sub Office,Delivery,Vadodara Division,Vadodara Region,GUJARAT Circle,Vadodara,Vadodara,GUJARAT
390112,Vadodara Office 11,Branch Office,Non-Delivery,Vadodara Division,Vadodara Region,GUJARAT Circle,Vadodara,Vadodara,GUJARAT
390113,Vadodara Office 12,Head Office,Delivery,Vadodara Division,Vadodara Region,GUJARAT Circle,Vadodara,Vadodara,GUJARAT
390114,Vadodara Office 13,Sub Office,Non-Delivery,Vadodara Division,Vadodara Region,GUJARAT Circle,Vadodara,Vadodara,GUJARAT
390115,Vadodara Office 14,Branch Office,Delivery,Vadodara Division,Vadodara Region,GUJARAT Circle,Vadodara,Vadodara,GUJARAT
390116,Vadodara Office 15,Head Office,Non-Delivery,Vadodara Division,Vadodara Region,GUJARAT Circle,Vadodara,Vadodara,GUJARAT
390117,Vadodara Office 16,Sub Office,Delivery,Vadodara Division,Vadodara Region,GUJARAT Circle,Vadodara,Vadodara,GUJARAT
390118,Vadodara Office 17,Branch Office,Non-Delivery,Vadodara Division,Vadodara Region,GUJARAT Circle,Vadodara,Vadodara,GUJARAT
390119,Vadodara Office 18,Head Office,Delivery,Vadodara Division,Vadodara Region,GUJARAT Circle,Vadodara,Vadodara,GUJARAT
390120,Vadodara Office 19,Sub Office,Non-Delivery,Vadodara Division,Vadodara Region,GUJARAT Circle,Vadodara,Vadodara,GUJARAT
390121,Vadodara Office 20,Branch Office,Delivery,Vadodara Division,Vadodara Region,GUJARAT Circle,Vadodara,Vadodara,GUJARAT
390122,Vadodara Office 21,Head Office,Non-Delivery,Vadodara Division,Vadodara Region,GUJARAT Circle,Vadodara,Vadodara,GUJARAT
390123,Vadodara Office 22,Sub Office,Delivery,Vadodara Division,Vadodara Region,GUJARAT Circle,Vadodara,Vadodara,GUJARAT
390124,Vadodara Office 23,Branch Office,Non-Delivery,Vadodara Division,Vadodara Region,GUJARAT Circle,Vadodara,Vadodara,GUJARAT
390125,Vadodara Office 24,Head Office,Delivery,Vadodara Division,Vadodara Region,GUJARAT Circle,Vadodara,Vadodara,GUJARAT
390126,Vadodara Office 25,Sub Office,Non-Delivery,Vadodara Division,Vadodara Region,GUJARAT Circle,Vadodara,Vadodara,GUJARAT
390127,Vadodara Office 26,Branch Office,Delivery,Vadodara Division,Vadodara Region,GUJARAT Circle,Vadodara,Vadodara,GUJARAT
390128,Vadodara Office 27,Head Office,Non-Delivery,Vadodara Division,Vadodara Region,GUJARAT Circle,Vadodara,Vadodara,GUJARAT
390129,Vadodara Office 28,Sub Office,Delivery,Vadodara Division,Vadodara Region,GUJARAT Circle,Vadodara,Vadodara,GUJARAT
390130,Vadodara Office 29,Branch Office,Non-Delivery,Vadodara Division,Vadodara Region,GUJARAT Circle,Vadodara,Vadodara,GUJARAT
390131,Vadodara Office 30,Head Office,Delivery,Vadodara Division,Vadodara Region,GUJARAT Circle,Vadodara,Vadodara,GUJARAT
390132,Vadodara Office 31,Sub Office,Non-Delivery,Vadodara Division,Vadodara Region,GUJARAT Circle,Vadodara,Vadodara,GUJARAT
390133,Vadodara Office 32,Branch Office,Delivery,Vadodara Division,Vadodara Region,GUJARAT Circle,Vadodara,Vadodara,GUJARAT
390134,Vadodara Office 33,Head Office,Non-Delivery,Vadodara Division,Vadodara Region,GUJARAT Circle,Vadodara,Vadodara,GUJARAT
390135,Vadodara Office 34,Sub Office,Delivery,Vadodara Division,Vadodara Region,GUJARAT Circle,Vadodara,Vadodara,GUJARAT
390136,Vadodara Office 35,Branch Office,Non-Delivery,Vadodara Division,Vadodara Region,GUJARAT Circle,Vadodara,Vadodara,GUJARAT
390137,Vadodara Office 36,Head Office,Delivery,Vadodara Division,Vadodara Region,GUJARAT Circle,Vadodara,Vadodara,GUJARAT
390138,Vadodara Office 37,Sub Office,Non-Delivery,Vadodara Division,Vadodara Region,GUJARAT Circle,Vadodara,Vadodara,GUJARAT
390139,Vadodara Office 38,Branch Office,Delivery,Vadodara Division,Vadodara Region,GUJARAT Circle,Vadodara,Vadodara,GUJARAT
390140,Vadodara Office 39,Head Office,Non-Delivery,Vadodara Division,Vadodara Region,GUJARAT Circle,Vadodara,Vadodara,GUJARAT
390141,Vadodara Office 40,Sub Office,Delivery,Vadodara Division,Vadodara Region,GUJARAT Circle,Vadodara,Vadodara,GUJARAT
390142,Vadodara Office 41,Branch Office,Non-Delivery,Vadodara Division,Vadodara Region,GUJARAT Circle,Vadodara,Vadodara,GUJARAT
390143,Vadodara Office 42,Head Office,Delivery,Vadodara Division,Vadodara Region,GUJARAT Circle,Vadodara,Vadodara,GUJARAT
390144,Vadodara Office 43,Sub Office,Non-Delivery,Vadodara Division,Vadodara Region,GUJARAT Circle,Vadodara,Vadodara,GUJARAT
390145,Vadodara Office 44,Branch Office,Delivery,Vadodara Division,Vadodara Region,GUJARAT Circle,Vadodara,Vadodara,GUJARAT
390146,Vadodara Office 45,Head Office,Non-Delivery,Vadodara Division,Vadodara Region,GUJARAT Circle,Vadodara,Vadodara,GUJARAT
390147,Vadodara Office 46,Sub Office,Delivery,Vadodara Division,Vadodara Region,GUJARAT Circle,Vadodara,Vadodara,GUJARAT
390148,Vadodara Office 47,Branch Office,Non-Delivery,Vadodara Division,Vadodara Region,GUJARAT Circle,Vadodara,Vadodara,GUJARAT
390149,Vadodara Office 48,Head Office,Delivery,Vadodara Division,Vadodara Region,GUJARAT Circle,Vadodara,Vadodara,GUJARAT
390150,Vadodara Office 49,Sub Office,Non-Delivery,Vadodara Division,Vadodara Region,GUJARAT Circle,Vadodara,Vadodara,GUJARAT
400151,Mumbai Office 0,Head Office,Delivery,Mumbai Division,Mumbai Region,MAHARASHTRA Circle,Mumbai,Mumbai,MAHARASHTRA
400152,Mumbai Office 1,Sub Office,Non-Delivery,Mumbai Division,Mumbai Region,MAHARASHTRA Circle,Mumbai,Mumbai,MAHARASHTRA
400153,Mumbai Office 2,Branch Office,Delivery,Mumbai Division,Mumbai Region,MAHARASHTRA Circle,Mumbai,Mumbai,MAHARASHTRA
400154,Mumbai Office 3,Head Office,Non-Delivery,Mumbai Division,Mumbai Region,MAHARASHTRA Circle,Mumbai,Mumbai,MAHARASHTRA
400155,Mumbai Office 4,Sub Office,Delivery,Mumbai Division,Mumbai Region,MAHARASHTRA Circle,Mumbai,Mumbai,MAHARASHTRA
400156,Mumbai Office 5,Branch Office,Non-Delivery,Mumbai Division,Mumbai Region,MAHARASHTRA Circle,Mumbai,Mumbai,MAHARASHTRA
400157,Mumbai Office 6,Head Office,Delivery,Mumbai Division,Mumbai Region,MAHARASHTRA Circle,Mumbai,Mumbai,MAHARASHTRA
400158,Mumbai Office 7,Sub Office,Non-Delivery,Mumbai Division,Mumbai Region,MAHARASHTRA Circle,Mumbai,Mumbai,MAHARASHTRA
400159,Mumbai Office 8,Branch Office,Delivery,Mumbai Division,Mumbai Region,MAHARASHTRA Circle,Mumbai,Mumbai,MAHARASHTRA
400160,Mumbai Office 9,Head Office,Non-Delivery,Mumbai Division,Mumbai Region,MAHARASHTRA Circle,Mumbai,Mumbai,MAHARASHTRA
400161,Mumbai Office 10,Sub Office,Delivery,Mumbai Division,Mumbai Region,MAHARASHTRA Circle,Mumbai,Mumbai,MAHARASHTRA
400162,Mumbai Office 11,Branch Office,Non-Delivery,Mumbai Division,Mumbai Region,MAHARASHTRA Circle,Mumbai,Mumbai,MAHARASHTRA
400163,Mumbai Office 12,Head Office,Delivery,Mumbai Division,Mumbai Region,MAHARASHTRA Circle,Mumbai,Mumbai,MAHARASHTRA
400164,Mumbai Office 13,Sub Office,Non-Delivery,Mumbai Division,Mumbai Region,MAHARASHTRA Circle,Mumbai,Mumbai,MAHARASHTRA
400165,Mumbai Office 14,Branch Office,Delivery,Mumbai Division,Mumbai Region,MAHARASHTRA Circle,Mumbai,Mumbai,MAHARASHTRA
400166,Mumbai Office 15,Head Office,Non-Delivery,Mumbai Division,Mumbai Region,MAHARASHTRA Circle,Mumbai,Mumbai,MAHARASHTRA
400167,Mumbai Office 16,Sub Office,Delivery,Mumbai Division,Mumbai Region,MAHARASHTRA Circle,Mumbai,Mumbai,MAHARASHTRA
400168,Mumbai Office 17,Branch Office,Non-Delivery,Mumbai Division,Mumbai Region,MAHARASHTRA Circle,Mumbai,Mumbai,MAHARASHTRA
400169,Mumbai Office 18,Head Office,Delivery,Mumbai Division,Mumbai Region,MAHARASHTRA Circle,Mumbai,Mumbai,MAHARASHTRA
400170,Mumbai Office 19,Sub Office,Non-Delivery,Mumbai Division,Mumbai Region,MAHARASHTRA Circle,Mumbai,Mumbai,MAHARASHTRA
400171,Mumbai Office 20,Branch Office,Delivery,Mumbai Division,Mumbai Region,MAHARASHTRA Circle,Mumbai,Mumbai,MAHARASHTRA
400172,Mumbai Office 21,Head Office,Non-Delivery,Mumbai Division,Mumbai Region,MAHARASHTRA Circle,Mumbai,Mumbai,MAHARASHTRA
400173,Mumbai Office 22,Sub Office,Delivery,Mumbai Division,Mumbai Region,MAHARASHTRA Circle,Mumbai,Mumbai,MAHARASHTRA
400174,Mumbai Office 23,Branch Office,Non-Delivery,Mumbai Division,Mumbai Region,MAHARASHTRA Circle,Mumbai,Mumbai,MAHARASHTRA
400175,Mumbai Office 24,Head Office,Delivery,Mumbai Division,Mumbai Region,MAHARASHTRA Circle,Mumbai,Mumbai,MAHARASHTRA
400176,Mumbai Office 25,Sub Office,Non-Delivery,Mumbai Division,Mumbai Region,MAHARASHTRA Circle,Mumbai,Mumbai,MAHARASHTRA
400177,Mumbai Office 26,Branch Office,Delivery,Mumbai Division,Mumbai Region,MAHARASHTRA Circle,Mumbai,Mumbai,MAHARASHTRA
400178,Mumbai Office 27,Head Office,Non-Delivery,Mumbai Division,Mumbai Region,MAHARASHTRA Circle,Mumbai,Mumbai,MAHARASHTRA
400179,Mumbai Office 28,Sub Office,Delivery,Mumbai Division,Mumbai Region,MAHARASHTRA Circle,Mumbai,Mumbai,MAHARASHTRA
400180,Mumbai Office 29,Branch Office,Non-Delivery,Mumbai Division,Mumbai Region,MAHARASHTRA Circle,Mumbai,Mumbai,MAHARASHTRA
400181,Mumbai Office 30,Head Office,Delivery,Mumbai Division,Mumbai Region,MAHARASHTRA Circle,Mumbai,Mumbai,MAHARASHTRA
400182,Mumbai Office 31,Sub Office,Non-Delivery,Mumbai Division,Mumbai Region,MAHARASHTRA Circle,Mumbai,Mumbai,MAHARASHTRA
400183,Mumbai Office 32,Branch Office,Delivery,Mumbai Division,Mumbai Region,MAHARASHTRA Circle,Mumbai,Mumbai,MAHARASHTRA
400184,Mumbai Office 33,Head Office,Non-Delivery,Mumbai Division,Mumbai Region,MAHARASHTRA Circle,Mumbai,Mumbai,MAHARASHTRA
400185,Mumbai Office 34,Sub Office,Delivery,Mumbai Division,Mumbai Region,MAHARASHTRA Circle,Mumbai,Mumbai,MAHARASHTRA
400186,Mumbai Office 35,Branch Office,Non-Delivery,Mumbai Division,Mumbai Region,MAHARASHTRA Circle,Mumbai,Mumbai,MAHARASHTRA
400187,Mumbai Office 36,Head Office,Delivery,Mumbai Division,Mumbai Region,MAHARASHTRA Circle,Mumbai,Mumbai,MAHARASHTRA
400188,Mumbai Office 37,Sub Office,Non-Delivery,Mumbai Division,Mumbai Region,MAHARASHTRA Circle,Mumbai,Mumbai,MAHARASHTRA
400189,Mumbai Office 38,Branch Office,Delivery,Mumbai Division,Mumbai Region,MAHARASHTRA Circle,Mumbai,Mumbai,MAHARASHTRA
400190,Mumbai Office 39,Head Office,Non-Delivery,Mumbai Division,Mumbai Region,MAHARASHTRA Circle,Mumbai,Mumbai,MAHARASHTRA
400191,Mumbai Office 40,Sub Office,Delivery,Mumbai Division,Mumbai Region,MAHARASHTRA Circle,Mumbai,Mumbai,MAHARASHTRA
400192,Mumbai Office 41,Branch Office,Non-Delivery,Mumbai Division,Mumbai Region,MAHARASHTRA Circle,Mumbai,Mumbai,MAHARASHTRA
400193,Mumbai Office 42,Head Office,Delivery,Mumbai Division,Mumbai Region,MAHARASHTRA Circle,Mumbai,Mumbai,MAHARASHTRA
400194,Mumbai Office 43,Sub Office,Non-Delivery,Mumbai Division,Mumbai Region,MAHARASHTRA Circle,Mumbai,Mumbai,MAHARASHTRA
400195,Mumbai Office 44,Branch Office,Delivery,Mumbai Division,Mumbai Region,MAHARASHTRA Circle,Mumbai,Mumbai,MAHARASHTRA
400196,Mumbai Office 45,Head Office,Non-Delivery,Mumbai Division,Mumbai Region,MAHARASHTRA Circle,Mumbai,Mumbai,MAHARASHTRA
400197,Mumbai Office 46,Sub Office,Delivery,Mumbai Division,Mumbai Region,MAHARASHTRA Circle,Mumbai,Mumbai,MAHARASHTRA
400198,Mumbai Office 47,Branch Office,Non-Delivery,Mumbai Division,Mumbai Region,MAHARASHTRA Circle,Mumbai,Mumbai,MAHARASHTRA
400199,Mumbai Office 48,Head Office,Delivery,Mumbai Division,Mumbai Region,MAHARASHTRA Circle,Mumbai,Mumbai,MAHARASHTRA
400200,Mumbai Office 49,Sub Office,Non-Delivery,Mumbai Division,Mumbai Region,MAHARASHTRA Circle,Mumbai,Mumbai,MAHARASHTRA
410201,Pune Office 0,Head Office,Delivery,Pune Division,Pune Region,MAHARASHTRA Circle,Pune City,Pune,MAHARASHTRA
410202,Pune Office 1,Sub Office,Non-Delivery,Pune Division,Pune Region,MAHARASHTRA Circle,Pune City,Pune,MAHARASHTRA
410203,Pune Office 2,Branch Office,Delivery,Pune Division,Pune Region,MAHARASHTRA Circle,Pune City,Pune,MAHARASHTRA
410204,Pune Office 3,Head Office,Non-Delivery,Pune Division,Pune Region,MAHARASHTRA Circle,Pune City,Pune,MAHARASHTRA
410205,Pune Office 4,Sub Office,Delivery,Pune Division,Pune Region,MAHARASHTRA Circle,Pune City,Pune,MAHARASHTRA
410206,Pune Office 5,Branch Office,Non-Delivery,Pune Division,Pune Region,MAHARASHTRA Circle,Pune City,Pune,MAHARASHTRA
410207,Pune Office 6,Head Office,Delivery,Pune Division,Pune Region,MAHARASHTRA Circle,Pune City,Pune,MAHARASHTRA
410208,Pune Office 7,Sub Office,Non-Delivery,Pune Division,Pune Region,MAHARASHTRA Circle,Pune City,Pune,MAHARASHTRA
410209,Pune Office 8,Branch Office,Delivery,Pune Division,Pune Region,MAHARASHTRA Circle,Pune City,Pune,MAHARASHTRA
410210,Pune Office 9,Head Office,Non-Delivery,Pune Division,Pune Region,MAHARASHTRA Circle,Pune City,Pune,MAHARASHTRA
410211,Pune Office 10,Sub Office,Delivery,Pune Division,Pune Region,MAHARASHTRA Circle,Pune City,Pune,MAHARASHTRA
410212,Pune Office 11,Branch Office,Non-Delivery,Pune Division,Pune Region,MAHARASHTRA Circle,Pune City,Pune,MAHARASHTRA
410213,Pune Office 12,Head Office,Delivery,Pune Division,Pune Region,MAHARASHTRA Circle,Pune City,Pune,MAHARASHTRA
410214,Pune Office 13,Sub Office,Non-Delivery,Pune Division,Pune Region,MAHARASHTRA Circle,Pune City,Pune,MAHARASHTRA
410215,Pune Office 14,Branch Office,Delivery,Pune Division,Pune Region,MAHARASHTRA Circle,Pune City,Pune,MAHARASHTRA
410216,Pune Office 15,Head Office,Non-Delivery,Pune Division,Pune Region,MAHARASHTRA Circle,Pune City,Pune,MAHARASHTRA
410217,Pune Office 16,Sub Office,Delivery,Pune Division,Pune Region,MAHARASHTRA Circle,Pune City,Pune,MAHARASHTRA
410218,Pune Office 17,Branch Office,Non-Delivery,Pune Division,Pune Region,MAHARASHTRA Circle,Pune City,Pune,MAHARASHTRA
410219,Pune Office 18,Head Office,Delivery,Pune Division,Pune Region,MAHARASHTRA Circle,Pune City,Pune,MAHARASHTRA
410220,Pune Office 19,Sub Office,Non-Delivery,Pune Division,Pune Region,MAHARASHTRA Circle,Pune City,Pune,MAHARASHTRA
410221,Pune Office 20,Branch Office,Delivery,Pune Division,Pune Region,MAHARASHTRA Circle,Pune City,Pune,MAHARASHTRA
410222,Pune Office 21,Head Office,Non-Delivery,Pune Division,Pune Region,MAHARASHTRA Circle,Pune City,Pune,MAHARASHTRA
410223,Pune Office 22,Sub Office,Delivery,Pune Division,Pune Region,MAHARASHTRA Circle,Pune City,Pune,MAHARASHTRA
410224,Pune Office 23,Branch Office,Non-Delivery,Pune Division,Pune Region,MAHARASHTRA Circle,Pune City,Pune,MAHARASHTRA
410225,Pune Office 24,Head Office,Delivery,Pune Division,Pune Region,MAHARASHTRA Circle,Pune City,Pune,MAHARASHTRA
410226,Pune Office 25,Sub Office,Non-Delivery,Pune Division,Pune Region,MAHARASHTRA Circle,Pune City,Pune,MAHARASHTRA
410227,Pune Office 26,Branch Office,Delivery,Pune Division,Pune Region,MAHARASHTRA Circle,Pune City,Pune,MAHARASHTRA
410228,Pune Office 27,Head Office,Non-Delivery,Pune Division,Pune Region,MAHARASHTRA Circle,Pune City,Pune,MAHARASHTRA
410229,Pune Office 28,Sub Office,Delivery,Pune Division,Pune Region,MAHARASHTRA Circle,Pune City,Pune,MAHARASHTRA
410230,Pune Office 29,Branch Office,Non-Delivery,Pune Division,Pune Region,MAHARASHTRA Circle,Pune City,Pune,MAHARASHTRA
410231,Pune Office 30,Head Office,Delivery,Pune Division,Pune Region,MAHARASHTRA Circle,Pune City,Pune,MAHARASHTRA
410232,Pune Office 31,Sub Office,Non-Delivery,Pune Division,Pune Region,MAHARASHTRA Circle,Pune City,Pune,MAHARASHTRA
410233,Pune Office 32,Branch Office,Delivery,Pune Division,Pune Region,MAHARASHTRA Circle,Pune City,Pune,MAHARASHTRA
410234,Pune Office 33,Head Office,Non-Delivery,Pune Division,Pune Region,MAHARASHTRA Circle,Pune City,Pune,MAHARASHTRA
410235,Pune Office 34,Sub Office,Delivery,Pune Division,Pune Region,MAHARASHTRA Circle,Pune City,Pune,MAHARASHTRA
410236,Pune Office 35,Branch Office,Non-Delivery,Pune Division,Pune Region,MAHARASHTRA Circle,Pune City,Pune,MAHARASHTRA
410237,Pune Office 36,Head Office,Delivery,Pune Division,Pune Region,MAHARASHTRA Circle,Pune City,Pune,MAHARASHTRA
410238,Pune Office 37,Sub Office,Non-Delivery,Pune Division,Pune Region,MAHARASHTRA Circle,Pune City,Pune,MAHARASHTRA
410239,Pune Office 38,Branch Office,Delivery,Pune Division,Pune Region,MAHARASHTRA Circle,Pune City,Pune,MAHARASHTRA
410240,Pune Office 39,Head Office,Non-Delivery,Pune Division,Pune Region,MAHARASHTRA Circle,Pune City,Pune,MAHARASHTRA
410241,Pune Office 40,Sub Office,Delivery,Pune Division,Pune Region,MAHARASHTRA Circle,Pune City,Pune,MAHARASHTRA
410242,Pune Office 41,Branch Office,Non-Delivery,Pune Division,Pune Region,MAHARASHTRA Circle,Pune City,Pune,MAHARASHTRA
410243,Pune Office 42,Head Office,Delivery,Pune Division,Pune Region,MAHARASHTRA Circle,Pune City,Pune,MAHARASHTRA
410244,Pune Office 43,Sub Office,Non-Delivery,Pune Division,Pune Region,MAHARASHTRA Circle,Pune City,Pune,MAHARASHTRA
410245,Pune Office 44,Branch Office,Delivery,Pune Division,Pune Region,MAHARASHTRA Circle,Pune City,Pune,MAHARASHTRA
410246,Pune Office 45,Head Office,Non-Delivery,Pune Division,Pune Region,MAHARASHTRA Circle,Pune City,Pune,MAHARASHTRA
410247,Pune Office 46,Sub Office,Delivery,Pune Division,Pune Region,MAHARASHTRA Circle,Pune City,Pune,MAHARASHTRA
410248,Pune Office 47,Branch Office,Non-Delivery,Pune Division,Pune Region,MAHARASHTRA Circle,Pune City,Pune,MAHARASHTRA
410249,Pune Office 48,Head Office,Delivery,Pune Division,Pune Region,MAHARASHTRA Circle,Pune City,Pune,MAHARASHTRA
410250,Pune Office 49,Sub Office,Non-Delivery,Pune Division,Pune Region,MAHARASHTRA Circle,Pune City,Pune,MAHARASHTRA
600251,Chennai Office 0,Head Office,Delivery,Chennai Division,Chennai Region,TAMIL NADU Circle,Chennai,Chennai,TAMIL NADU
600252,Chennai Office 1,Sub Office,Non-Delivery,Chennai Division,Chennai Region,TAMIL NADU Circle,Chennai,Chennai,TAMIL NADU
600253,Chennai Office 2,Branch Office,Delivery,Chennai Division,Chennai Region,TAMIL NADU Circle,Chennai,Chennai,TAMIL NADU
600254,Chennai Office 3,Head Office,Non-Delivery,Chennai Division,Chennai Region,TAMIL NADU Circle,Chennai,Chennai,TAMIL NADU
600255,Chennai Office 4,Sub Office,Delivery,Chennai Division,Chennai Region,TAMIL NADU Circle,Chennai,Chennai,TAMIL NADU
600256,Chennai Office 5,Branch Office,Non-Delivery,Chennai Division,Chennai Region,TAMIL NADU Circle,Chennai,Chennai,TAMIL NADU
600257,Chennai Office 6,Head Office,Delivery,Chennai Division,Chennai Region,TAMIL NADU Circle,Chennai,Chennai,TAMIL NADU
600258,Chennai Office 7,Sub Office,Non-Delivery,Chennai Division,Chennai Region,TAMIL NADU Circle,Chennai,Chennai,TAMIL NADU
600259,Chennai Office 8,Branch Office,Delivery,Chennai Division,Chennai Region,TAMIL NADU Circle,Chennai,Chennai,TAMIL NADU
600260,Chennai Office 9,Head Office,Non-Delivery,Chennai Division,Chennai Region,TAMIL NADU Circle,Chennai,Chennai,TAMIL NADU
600261,Chennai Office 10,Sub Office,Delivery,Chennai Division,Chennai Region,TAMIL NADU Circle,Chennai,Chennai,TAMIL NADU
600262,Chennai Office 11,Branch Office,Non-Delivery,Chennai Division,Chennai Region,TAMIL NADU Circle,Chennai,Chennai,TAMIL NADU
600263,Chennai Office 12,Head Office,Delivery,Chennai Division,Chennai Region,TAMIL NADU Circle,Chennai,Chennai,TAMIL NADU
600264,Chennai Office 13,Sub Office,Non-Delivery,Chennai Division,Chennai Region,TAMIL NADU Circle,Chennai,Chennai,TAMIL NADU
600265,Chennai Office 14,Branch Office,Delivery,Chennai Division,Chennai Region,TAMIL NADU Circle,Chennai,Chennai,TAMIL NADU
600266,Chennai Office 15,Head Office,Non-Delivery,Chennai Division,Chennai Region,TAMIL NADU Circle,Chennai,Chennai,TAMIL NADU
600267,Chennai Office 16,Sub Office,Delivery,Chennai Division,Chennai Region,TAMIL NADU Circle,Chennai,Chennai,TAMIL NADU
600268,Chennai Office 17,Branch Office,Non-Delivery,Chennai Division,Chennai Region,TAMIL NADU Circle,Chennai,Chennai,TAMIL NADU
600269,Chennai Office 18,Head Office,Delivery,Chennai Division,Chennai Region,TAMIL NADU Circle,Chennai,Chennai,TAMIL NADU
600270,Chennai Office 19,Sub Office,Non-Delivery,Chennai Division,Chennai Region,TAMIL NADU Circle,Chennai,Chennai,TAMIL NADU
600271,Chennai Office 20,Branch Office,Delivery,Chennai Division,Chennai Region,TAMIL NADU Circle,Chennai,Chennai,TAMIL NADU
600272,Chennai Office 21,Head Office,Non-Delivery,Chennai Division,Chennai Region,TAMIL NADU Circle,Chennai,Chennai,TAMIL NADU
600273,Chennai Office 22,Sub Office,Delivery,Chennai Division,Chennai Region,TAMIL NADU Circle,Chennai,Chennai,TAMIL NADU
600274,Chennai Office 23,Branch Office,Non-Delivery,Chennai Division,Chennai Region,TAMIL NADU Circle,Chennai,Chennai,TAMIL NADU
600275,Chennai Office 24,Head Office,Delivery,Chennai Division,Chennai Region,TAMIL NADU Circle,Chennai,Chennai,TAMIL NADU
600276,Chennai Office 25,Sub Office,Non-Delivery,Chennai Division,Chennai Region,TAMIL NADU Circle,Chennai,Chennai,TAMIL NADU
600277,Chennai Office 26,Branch Office,Delivery,Chennai Division,Chennai Region,TAMIL NADU Circle,Chennai,Chennai,TAMIL NADU
600278,Chennai Office 27,Head Office,Non-Delivery,Chennai Division,Chennai Region,TAMIL NADU Circle,Chennai,Chennai,TAMIL NADU
600279,Chennai Office 28,Sub Office,Delivery,Chennai Division,Chennai Region,TAMIL NADU Circle,Chennai,Chennai,TAMIL NADU
600280,Chennai Office 29,Branch Office,Non-Delivery,Chennai Division,Chennai Region,TAMIL NADU Circle,Chennai,Chennai,TAMIL NADU
600281,Chennai Office 30,Head Office,Delivery,Chennai Division,Chennai Region,TAMIL NADU Circle,Chennai,Chennai,TAMIL NADU
600282,Chennai Office 31,Sub Office,Non-Delivery,Chennai Division,Chennai Region,TAMIL NADU Circle,Chennai,Chennai,TAMIL NADU
600283,Chennai Office 32,Branch Office,Delivery,Chennai Division,Chennai Region,TAMIL NADU Circle,Chennai,Chennai,TAMIL NADU
600284,Chennai Office 33,Head Office,Non-Delivery,Chennai Division,Chennai Region,TAMIL NADU Circle,Chennai,Chennai,TAMIL NADU
600285,Chennai Office 34,Sub Office,Delivery,Chennai Division,Chennai Region,TAMIL NADU Circle,Chennai,Chennai,TAMIL NADU
600286,Chennai Office 35,Branch Office,Non-Delivery,Chennai Division,Chennai Region,TAMIL NADU Circle,Chennai,Chennai,TAMIL NADU
600287,Chennai Office 36,Head Office,Delivery,Chennai Division,Chennai Region,TAMIL NADU Circle,Chennai,Chennai,TAMIL NADU
600288,Chennai Office 37,Sub Office,Non-Delivery,Chennai Division,Chennai Region,TAMIL NADU Circle,Chennai,Chennai,TAMIL NADU
600289,Chennai Office 38,Branch Office,Delivery,Chennai Division,Chennai Region,TAMIL NADU Circle,Chennai,Chennai,TAMIL NADU
600290,Chennai Office 39,Head Office,Non-Delivery,Chennai Division,Chennai Region,TAMIL NADU Circle,Chennai,Chennai,TAMIL NADU
600291,Chennai Office 40,Sub Office,Delivery,Chennai Division,Chennai Region,TAMIL NADU Circle,Chennai,Chennai,TAMIL NADU
600292,Chennai Office 41,Branch Office,Non-Delivery,Chennai Division,Chennai Region,TAMIL NADU Circle,Chennai,Chennai,TAMIL NADU
600293,Chennai Office 42,Head Office,Delivery,Chennai Division,Chennai Region,TAMIL NADU Circle,Chennai,Chennai,TAMIL NADU
600294,Chennai Office 43,Sub Office,Non-Delivery,Chennai Division,Chennai Region,TAMIL NADU Circle,Chennai,Chennai,TAMIL NADU
600295,Chennai Office 44,Branch Office,Delivery,Chennai Division,Chennai Region,TAMIL NADU Circle,Chennai,Chennai,TAMIL NADU
600296,Chennai Office 45,Head Office,Non-Delivery,Chennai Division,Chennai Region,TAMIL NADU Circle,Chennai,Chennai,TAMIL NADU
600297,Chennai Office 46,Sub Office,Delivery,Chennai Division,Chennai Region,TAMIL NADU Circle,Chennai,Chennai,TAMIL NADU
600298,Chennai Office 47,Branch Office,Non-Delivery,Chennai Division,Chennai Region,TAMIL NADU Circle,Chennai,Chennai,TAMIL NADU
600299,Chennai Office 48,Head Office,Delivery,Chennai Division,Chennai Region,TAMIL NADU Circle,Chennai,Chennai,TAMIL NADU
600300,Chennai Office 49,Sub Office,Non-Delivery,Chennai Division,Chennai Region,TAMIL NADU Circle,Chennai,Chennai,TAMIL NADU
300301,Jaipur Office 0,Head Office,Delivery,Jaipur Division,Jaipur Region,RAJASTHAN Circle,Jaipur,Jaipur,RAJASTHAN
300302,Jaipur Office 1,Sub Office,Non-Delivery,Jaipur Division,Jaipur Region,RAJASTHAN Circle,Jaipur,Jaipur,RAJASTHAN
300303,Jaipur Office 2,Branch Office,Delivery,Jaipur Division,Jaipur Region,RAJASTHAN Circle,Jaipur,Jaipur,RAJASTHAN
300304,Jaipur Office 3,Head Office,Non-Delivery,Jaipur Division,Jaipur Region,RAJASTHAN Circle,Jaipur,Jaipur,RAJASTHAN
300305,Jaipur Office 4,Sub Office,Delivery,Jaipur Division,Jaipur Region,RAJASTHAN Circle,Jaipur,Jaipur,RAJASTHAN
300306,Jaipur Office 5,Branch Office,Non-Delivery,Jaipur Division,Jaipur Region,RAJASTHAN Circle,Jaipur,Jaipur,RAJASTHAN
300307,Jaipur Office 6,Head Office,Delivery,Jaipur Division,Jaipur Region,RAJASTHAN Circle,Jaipur,Jaipur,RAJASTHAN
300308,Jaipur Office 7,Sub Office,Non-Delivery,Jaipur Division,Jaipur Region,RAJASTHAN Circle,Jaipur,Jaipur,RAJASTHAN
300309,Jaipur Office 8,Branch Office,Delivery,Jaipur Division,Jaipur Region,RAJASTHAN Circle,Jaipur,Jaipur,RAJASTHAN
300310,Jaipur Office 9,Head Office,Non-Delivery,Jaipur Division,Jaipur Region,RAJASTHAN Circle,Jaipur,Jaipur,RAJASTHAN
300311,Jaipur Office 10,Sub Office,Delivery,Jaipur Division,Jaipur Region,RAJASTHAN Circle,Jaipur,Jaipur,RAJASTHAN
300312,Jaipur Office 11,Branch Office,Non-Delivery,Jaipur Division,Jaipur Region,RAJASTHAN Circle,Jaipur,Jaipur,RAJASTHAN
300313,Jaipur Office 12,Head Office,Delivery,Jaipur Division,Jaipur Region,RAJASTHAN Circle,Jaipur,Jaipur,RAJASTHAN
300314,Jaipur Office 13,Sub Office,Non-Delivery,Jaipur Division,Jaipur Region,RAJASTHAN Circle,Jaipur,Jaipur,RAJASTHAN
300315,Jaipur Office 14,Branch Office,Delivery,Jaipur Division,Jaipur Region,RAJASTHAN Circle,Jaipur,Jaipur,RAJASTHAN
300316,Jaipur Office 15,Head Office,Non-Delivery,Jaipur Division,Jaipur Region,RAJASTHAN Circle,Jaipur,Jaipur,RAJASTHAN
300317,Jaipur Office 16,Sub Office,Delivery,Jaipur Division,Jaipur Region,RAJASTHAN Circle,Jaipur,Jaipur,RAJASTHAN
300318,Jaipur Office 17,Branch Office,Non-Delivery,Jaipur Division,Jaipur Region,RAJASTHAN Circle,Jaipur,Jaipur,RAJASTHAN
300319,Jaipur Office 18,Head Office,Delivery,Jaipur Division,Jaipur Region,RAJASTHAN Circle,Jaipur,Jaipur,RAJASTHAN
300320,Jaipur Office 19,Sub Office,Non-Delivery,Jaipur Division,Jaipur Region,RAJASTHAN Circle,Jaipur,Jaipur,RAJASTHAN
300321,Jaipur Office 20,Branch Office,Delivery,Jaipur Division,Jaipur Region,RAJASTHAN Circle,Jaipur,Jaipur,RAJASTHAN
300322,Jaipur Office 21,Head Office,Non-Delivery,Jaipur Division,Jaipur Region,RAJASTHAN Circle,Jaipur,Jaipur,RAJASTHAN
300323,Jaipur Office 22,Sub Office,Delivery,Jaipur Division,Jaipur Region,RAJASTHAN Circle,Jaipur,Jaipur,RAJASTHAN
300324,Jaipur Office 23,Branch Office,Non-Delivery,Jaipur Division,Jaipur Region,RAJASTHAN Circle,Jaipur,Jaipur,RAJASTHAN
300325,Jaipur Office 24,Head Office,Delivery,Jaipur Division,Jaipur Region,RAJASTHAN Circle,Jaipur,Jaipur,RAJASTHAN
300326,Jaipur Office 25,Sub Office,Non-Delivery,Jaipur Division,Jaipur Region,RAJASTHAN Circle,Jaipur,Jaipur,RAJASTHAN
300327,Jaipur Office 26,Branch Office,Delivery,Jaipur Division,Jaipur Region,RAJASTHAN Circle,Jaipur,Jaipur,RAJASTHAN
300328,Jaipur Office 27,Head Office,Non-Delivery,Jaipur Division,Jaipur Region,RAJASTHAN Circle,Jaipur,Jaipur,RAJASTHAN
300329,Jaipur Office 28,Sub Office,Delivery,Jaipur Division,Jaipur Region,RAJASTHAN Circle,Jaipur,Jaipur,RAJASTHAN
300330,Jaipur Office 29,Branch Office,Non-Delivery,Jaipur Division,Jaipur Region,RAJASTHAN Circle,Jaipur,Jaipur,RAJASTHAN
300331,Jaipur Office 30,Head Office,Delivery,Jaipur Division,Jaipur Region,RAJASTHAN Circle,Jaipur,Jaipur,RAJASTHAN
300332,Jaipur Office 31,Sub Office,Non-Delivery,Jaipur Division,Jaipur Region,RAJASTHAN Circle,Jaipur,Jaipur,RAJASTHAN
300333,Jaipur Office 32,Branch Office,Delivery,Jaipur Division,Jaipur Region,RAJASTHAN Circle,Jaipur,Jaipur,RAJASTHAN
300334,Jaipur Office 33,Head Office,Non-Delivery,Jaipur Division,Jaipur Region,RAJASTHAN Circle,Jaipur,Jaipur,RAJASTHAN
300335,Jaipur Office 34,Sub Office,Delivery,Jaipur Division,Jaipur Region,RAJASTHAN Circle,Jaipur,Jaipur,RAJASTHAN
300336,Jaipur Office 35,Branch Office,Non-Delivery,Jaipur Division,Jaipur Region,RAJASTHAN Circle,Jaipur,Jaipur,RAJASTHAN
300337,Jaipur Office 36,Head Office,Delivery,Jaipur Division,Jaipur Region,RAJASTHAN Circle,Jaipur,Jaipur,RAJASTHAN
300338,Jaipur Office 37,Sub Office,Non-Delivery,Jaipur Division,Jaipur Region,RAJASTHAN Circle,Jaipur,Jaipur,RAJASTHAN
300339,Jaipur Office 38,Branch Office,Delivery,Jaipur Division,Jaipur Region,RAJASTHAN Circle,Jaipur,Jaipur,RAJASTHAN
300340,Jaipur Office 39,Head Office,Non-Delivery,Jaipur Division,Jaipur Region,RAJASTHAN Circle,Jaipur,Jaipur,RAJASTHAN
300341,Jaipur Office 40,Sub Office,Delivery,Jaipur Division,Jaipur Region,RAJASTHAN Circle,Jaipur,Jaipur,RAJASTHAN
300342,Jaipur Office 41,Branch Office,Non-Delivery,Jaipur Division,Jaipur Region,RAJASTHAN Circle,Jaipur,Jaipur,RAJASTHAN
300343,Jaipur Office 42,Head Office,Delivery,Jaipur Division,Jaipur Region,RAJASTHAN Circle,Jaipur,Jaipur,RAJASTHAN
300344,Jaipur Office 43,Sub Office,Non-Delivery,Jaipur Division,Jaipur Region,RAJASTHAN Circle,Jaipur,Jaipur,RAJASTHAN
300345,Jaipur Office 44,Branch Office,Delivery,Jaipur Division,Jaipur Region,RAJASTHAN Circle,Jaipur,Jaipur,RAJASTHAN
300346,Jaipur Office 45,Head Office,Non-Delivery,Jaipur Division,Jaipur Region,RAJASTHAN Circle,Jaipur,Jaipur,RAJASTHAN
300347,Jaipur Office 46,Sub Office,Delivery,Jaipur Division,Jaipur Region,RAJASTHAN Circle,Jaipur,Jaipur,RAJASTHAN
300348,Jaipur Office 47,Branch Office,Non-Delivery,Jaipur Division,Jaipur Region,RAJASTHAN Circle,Jaipur,Jaipur,RAJASTHAN
300349,Jaipur Office 48,Head Office,Delivery,Jaipur Division,Jaipur Region,RAJASTHAN Circle,Jaipur,Jaipur,RAJASTHAN
300350,Jaipur Office 49,Sub Office,Non-Delivery,Jaipur Division,Jaipur Region,RAJASTHAN Circle,Jaipur,Jaipur,RAJASTHAN
110351,New Delhi Office 0,Head Office,Delivery,New Delhi Division,New Delhi Region,DELHI Circle,New Delhi,New Delhi,DELHI
110352,New Delhi Office 1,Sub Office,Non-Delivery,New Delhi Division,New Delhi Region,DELHI Circle,New Delhi,New Delhi,DELHI
110353,New Delhi Office 2,Branch Office,Delivery,New Delhi Division,New Delhi Region,DELHI Circle,New Delhi,New Delhi,DELHI
110354,New Delhi Office 3,Head Office,Non-Delivery,New Delhi Division,New Delhi Region,DELHI Circle,New Delhi,New Delhi,DELHI
110355,New Delhi Office 4,Sub Office,Delivery,New Delhi Division,New Delhi Region,DELHI Circle,New Delhi,New Delhi,DELHI
110356,New Delhi Office 5,Branch Office,Non-Delivery,New Delhi Division,New Delhi Region,DELHI Circle,New Delhi,New Delhi,DELHI
110357,New Delhi Office 6,Head Office,Delivery,New Delhi Division,New Delhi Region,DELHI Circle,New Delhi,New Delhi,DELHI
110358,New Delhi Office 7,Sub Office,Non-Delivery,New Delhi Division,New Delhi Region,DELHI Circle,New Delhi,New Delhi,DELHI
110359,New Delhi Office 8,Branch Office,Delivery,New Delhi Division,New Delhi Region,DELHI Circle,New Delhi,New Delhi,DELHI
110360,New Delhi Office 9,Head Office,Non-Delivery,New Delhi Division,New Delhi Region,DELHI Circle,New Delhi,New Delhi,DELHI
110361,New Delhi Office 10,Sub Office,Delivery,New Delhi Division,New Delhi Region,DELHI Circle,New Delhi,New Delhi,DELHI
110362,New Delhi Office 11,Branch Office,Non-Delivery,New Delhi Division,New Delhi Region,DELHI Circle,New Delhi,New Delhi,DELHI
110363,New Delhi Office 12,Head Office,Delivery,New Delhi Division,New Delhi Region,DELHI Circle,New Delhi,New Delhi,DELHI
110364,New Delhi Office 13,Sub Office,Non-Delivery,New Delhi Division,New Delhi Region,DELHI Circle,New Delhi,New Delhi,DELHI
110365,New Delhi Office 14,Branch Office,Delivery,New Delhi Division,New Delhi Region,DELHI Circle,New Delhi,New Delhi,DELHI
110366,New Delhi Office 15,Head Office,Non-Delivery,New Delhi Division,New Delhi Region,DELHI Circle,New Delhi,New Delhi,DELHI
110367,New Delhi Office 16,Sub Office,Delivery,New Delhi Division,New Delhi Region,DELHI Circle,New Delhi,New Delhi,DELHI
110368,New Delhi Office 17,Branch Office,Non-Delivery,New Delhi Division,New Delhi Region,DELHI Circle,New Delhi,New Delhi,DELHI
110369,New Delhi Office 18,Head Office,Delivery,New Delhi Division,New Delhi Region,DELHI Circle,New Delhi,New Delhi,DELHI
110370,New Delhi Office 19,Sub Office,Non-Delivery,New Delhi Division,New Delhi Region,DELHI Circle,New Delhi,New Delhi,DELHI
110371,New Delhi Office 20,Branch Office,Delivery,New Delhi Division,New Delhi Region,DELHI Circle,New Delhi,New Delhi,DELHI
110372,New Delhi Office 21,Head Office,Non-Delivery,New Delhi Division,New Delhi Region,DELHI Circle,New Delhi,New Delhi,DELHI
110373,New Delhi Office 22,Sub Office,Delivery,New Delhi Division,New Delhi Region,DELHI Circle,New Delhi,New Delhi,DELHI
110374,New Delhi Office 23,Branch Office,Non-Delivery,New Delhi Division,New Delhi Region,DELHI Circle,New Delhi,New Delhi,DELHI
110375,New Delhi Office 24,Head Office,Delivery,New Delhi Division,New Delhi Region,DELHI Circle,New Delhi,New Delhi,DELHI
110376,New Delhi Office 25,Sub Office,Non-Delivery,New Delhi Division,New Delhi Region,DELHI Circle,New Delhi,New Delhi,DELHI
110377,New Delhi Office 26,Branch Office,Delivery,New Delhi Division,New Delhi Region,DELHI Circle,New Delhi,New Delhi,DELHI
110378,New Delhi Office 27,Head Office,Non-Delivery,New Delhi Division,New Delhi Region,DELHI Circle,New Delhi,New Delhi,DELHI
110379,New Delhi Office 28,Sub Office,Delivery,New Delhi Division,New Delhi Region,DELHI Circle,New Delhi,New Delhi,DELHI
110380,New Delhi Office 29,Branch Office,Non-Delivery,New Delhi Division,New Delhi Region,DELHI Circle,New Delhi,New Delhi,DELHI
110381,New Delhi Office 30,Head Office,Delivery,New Delhi Division,New Delhi Region,DELHI Circle,New Delhi,New Delhi,DELHI
110382,New Delhi Office 31,Sub Office,Non-Delivery,New Delhi Division,New Delhi Region,DELHI Circle,New Delhi,New Delhi,DELHI
110383,New Delhi Office 32,Branch Office,Delivery,New Delhi Division,New Delhi Region,DELHI Circle,New Delhi,New Delhi,DELHI
110384,New Delhi Office 33,Head Office,Non-Delivery,New Delhi Division,New Delhi Region,DELHI Circle,New Delhi,New Delhi,DELHI
110385,New Delhi Office 34,Sub Office,Delivery,New Delhi Division,New Delhi Region,DELHI Circle,New Delhi,New Delhi,DELHI
110386,New Delhi Office 35,Branch Office,Non-Delivery,New Delhi Division,New Delhi Region,DELHI Circle,New Delhi,New Delhi,DELHI
110387,New Delhi Office 36,Head Office,Delivery,New Delhi Division,New Delhi Region,DELHI Circle,New Delhi,New Delhi,DELHI
110388,New Delhi Office 37,Sub Office,Non-Delivery,New Delhi Division,New Delhi Region,DELHI Circle,New Delhi,New Delhi,DELHI
110389,New Delhi Office 38,Branch Office,Delivery,New Delhi Division,New Delhi Region,DELHI Circle,New Delhi,New Delhi,DELHI
110390,New Delhi Office 39,Head Office,Non-Delivery,New Delhi Division,New Delhi Region,DELHI Circle,New Delhi,New Delhi,DELHI
110391,New Delhi Office 40,Sub Office,Delivery,New Delhi Division,New Delhi Region,DELHI Circle,New Delhi,New Delhi,DELHI
110392,New Delhi Office 41,Branch Office,Non-Delivery,New Delhi Division,New Delhi Region,DELHI Circle,New Delhi,New Delhi,DELHI
110393,New Delhi Office 42,Head Office,Delivery,New Delhi Division,New Delhi Region,DELHI Circle,New Delhi,New Delhi,DELHI
110394,New Delhi Office 43,Sub Office,Non-Delivery,New Delhi Division,New Delhi Region,DELHI Circle,New Delhi,New Delhi,DELHI
110395,New Delhi Office 44,Branch Office,Delivery,New Delhi Division,New Delhi Region,DELHI Circle,New Delhi,New Delhi,DELHI
110396,New Delhi Office 45,Head Office,Non-Delivery,New Delhi Division,New Delhi Region,DELHI Circle,New Delhi,New Delhi,DELHI
110397,New Delhi Office 46,Sub Office,Delivery,New Delhi Division,New Delhi Region,DELHI Circle,New Delhi,New Delhi,DELHI
110398,New Delhi Office 47,Branch Office,Non-Delivery,New Delhi Division,New Delhi Region,DELHI Circle,New Delhi,New Delhi,DELHI
110399,New Delhi Office 48,Head Office,Delivery,New Delhi Division,New Delhi Region,DELHI Circle,New Delhi,New Delhi,DELHI
110400,New Delhi Office 49,Sub Office,Non-Delivery,New Delhi Division,New Delhi Region,DELHI Circle,New Delhi,New Delhi,DELHI
560401,Bangalore Office 0,Head Office,Delivery,Bangalore Division,Bangalore Region,KARNATAKA Circle,Bangalore,Bangalore,KARNATAKA
560402,Bangalore Office 1,Sub Office,Non-Delivery,Bangalore Division,Bangalore Region,KARNATAKA Circle,Bangalore,Bangalore,KARNATAKA
560403,Bangalore Office 2,Branch Office,Delivery,Bangalore Division,Bangalore Region,KARNATAKA Circle,Bangalore,Bangalore,KARNATAKA
560404,Bangalore Office 3,Head Office,Non-Delivery,Bangalore Division,Bangalore Region,KARNATAKA Circle,Bangalore,Bangalore,KARNATAKA
560405,Bangalore Office 4,Sub Office,Delivery,Bangalore Division,Bangalore Region,KARNATAKA Circle,Bangalore,Bangalore,KARNATAKA
560406,Bangalore Office 5,Branch Office,Non-Delivery,Bangalore Division,Bangalore Region,KARNATAKA Circle,Bangalore,Bangalore,KARNATAKA
560407,Bangalore Office 6,Head Office,Delivery,Bangalore Division,Bangalore Region,KARNATAKA Circle,Bangalore,Bangalore,KARNATAKA
560408,Bangalore Office 7,Sub Office,Non-Delivery,Bangalore Division,Bangalore Region,KARNATAKA Circle,Bangalore,Bangalore,KARNATAKA
560409,Bangalore Office 8,Branch Office,Delivery,Bangalore Division,Bangalore Region,KARNATAKA Circle,Bangalore,Bangalore,KARNATAKA
560410,Bangalore Office 9,Head Office,Non-Delivery,Bangalore Division,Bangalore Region,KARNATAKA Circle,Bangalore,Bangalore,KARNATAKA
560411,Bangalore Office 10,Sub Office,Delivery,Bangalore Division,Bangalore Region,KARNATAKA Circle,Bangalore,Bangalore,KARNATAKA
560412,Bangalore Office 11,Branch Office,Non-Delivery,Bangalore Division,Bangalore Region,KARNATAKA Circle,Bangalore,Bangalore,KARNATAKA
560413,Bangalore Office 12,Head Office,Delivery,Bangalore Division,Bangalore Region,KARNATAKA Circle,Bangalore,Bangalore,KARNATAKA
560414,Bangalore Office 13,Sub Office,Non-Delivery,Bangalore Division,Bangalore Region,KARNATAKA Circle,Bangalore,Bangalore,KARNATAKA
560415,Bangalore Office 14,Branch Office,Delivery,Bangalore Division,Bangalore Region,KARNATAKA Circle,Bangalore,Bangalore,KARNATAKA
560416,Bangalore Office 15,Head Office,Non-Delivery,Bangalore Division,Bangalore Region,KARNATAKA Circle,Bangalore,Bangalore,KARNATAKA
560417,Bangalore Office 16,Sub Office,Delivery,Bangalore Division,Bangalore Region,KARNATAKA Circle,Bangalore,Bangalore,KARNATAKA
560418,Bangalore Office 17,Branch Office,Non-Delivery,Bangalore Division,Bangalore Region,KARNATAKA Circle,Bangalore,Bangalore,KARNATAKA
560419,Bangalore Office 18,Head Office,Delivery,Bangalore Division,Bangalore Region,KARNATAKA Circle,Bangalore,Bangalore,KARNATAKA
560420,Bangalore Office 19,Sub Office,Non-Delivery,Bangalore Division,Bangalore Region,KARNATAKA Circle,Bangalore,Bangalore,KARNATAKA
560421,Bangalore Office 20,Branch Office,Delivery,Bangalore Division,Bangalore Region,KARNATAKA Circle,Bangalore,Bangalore,KARNATAKA
560422,Bangalore Office 21,Head Office,Non-Delivery,Bangalore Division,Bangalore Region,KARNATAKA Circle,Bangalore,Bangalore,KARNATAKA
560423,Bangalore Office 22,Sub Office,Delivery,Bangalore Division,Bangalore Region,KARNATAKA Circle,Bangalore,Bangalore,KARNATAKA
560424,Bangalore Office 23,Branch Office,Non-Delivery,Bangalore Division,Bangalore Region,KARNATAKA Circle,Bangalore,Bangalore,KARNATAKA
560425,Bangalore Office 24,Head Office,Delivery,Bangalore Division,Bangalore Region,KARNATAKA Circle,Bangalore,Bangalore,KARNATAKA
560426,Bangalore Office 25,Sub Office,Non-Delivery,Bangalore Division,Bangalore Region,KARNATAKA Circle,Bangalore,Bangalore,KARNATAKA
560427,Bangalore Office 26,Branch Office,Delivery,Bangalore Division,Bangalore Region,KARNATAKA Circle,Bangalore,Bangalore,KARNATAKA
560428,Bangalore Office 27,Head Office,Non-Delivery,Bangalore Division,Bangalore Region,KARNATAKA Circle,Bangalore,Bangalore,KARNATAKA
560429,Bangalore Office 28,Sub Office,Delivery,Bangalore Division,Bangalore Region,KARNATAKA Circle,Bangalore,Bangalore,KARNATAKA
560430,Bangalore Office 29,Branch Office,Non-Delivery,Bangalore Division,Bangalore Region,KARNATAKA Circle,Bangalore,Bangalore,KARNATAKA
560431,Bangalore Office 30,Head Office,Delivery,Bangalore Division,Bangalore Region,KARNATAKA Circle,Bangalore,Bangalore,KARNATAKA
560432,Bangalore Office 31,Sub Office,Non-Delivery,Bangalore Division,Bangalore Region,KARNATAKA Circle,Bangalore,Bangalore,KARNATAKA
560433,Bangalore Office 32,Branch Office,Delivery,Bangalore Division,Bangalore Region,KARNATAKA Circle,Bangalore,Bangalore,KARNATAKA
560434,Bangalore Office 33,Head Office,Non-Delivery,Bangalore Division,Bangalore Region,KARNATAKA Circle,Bangalore,Bangalore,KARNATAKA
560435,Bangalore Office 34,Sub Office,Delivery,Bangalore Division,Bangalore Region,KARNATAKA Circle,Bangalore,Bangalore,KARNATAKA
560436,Bangalore Office 35,Branch Office,Non-Delivery,Bangalore Division,Bangalore Region,KARNATAKA Circle,Bangalore,Bangalore,KARNATAKA
560437,Bangalore Office 36,Head Office,Delivery,Bangalore Division,Bangalore Region,KARNATAKA Circle,Bangalore,Bangalore,KARNATAKA
560438,Bangalore Office 37,Sub Office,Non-Delivery,Bangalore Division,Bangalore Region,KARNATAKA Circle,Bangalore,Bangalore,KARNATAKA
560439,Bangalore Office 38,Branch Office,Delivery,Bangalore Division,Bangalore Region,KARNATAKA Circle,Bangalore,Bangalore,KARNATAKA
560440,Bangalore Office 39,Head Office,Non-Delivery,Bangalore Division,Bangalore Region,KARNATAKA Circle,Bangalore,Bangalore,KARNATAKA
560441,Bangalore Office 40,Sub Office,Delivery,Bangalore Division,Bangalore Region,KARNATAKA Circle,Bangalore,Bangalore,KARNATAKA
560442,Bangalore Office 41,Branch Office,Non-Delivery,Bangalore Division,Bangalore Region,KARNATAKA Circle,Bangalore,Bangalore,KARNATAKA
560443,Bangalore Office 42,Head Office,Delivery,Bangalore Division,Bangalore Region,KARNATAKA Circle,Bangalore,Bangalore,KARNATAKA
560444,Bangalore Office 43,Sub Office,Non-Delivery,Bangalore Division,Bangalore Region,KARNATAKA Circle,Bangalore,Bangalore,KARNATAKA
560445,Bangalore Office 44,Branch Office,Delivery,Bangalore Division,Bangalore Region,KARNATAKA Circle,Bangalore,Bangalore,KARNATAKA
560446,Bangalore Office 45,Head Office,Non-Delivery,Bangalore Division,Bangalore Region,KARNATAKA Circle,Bangalore,Bangalore,KARNATAKA
560447,Bangalore Office 46,Sub Office,Delivery,Bangalore Division,Bangalore Region,KARNATAKA Circle,Bangalore,Bangalore,KARNATAKA
560448,Bangalore Office 47,Branch Office,Non-Delivery,Bangalore Division,Bangalore Region,KARNATAKA Circle,Bangalore,Bangalore,KARNATAKA
560449,Bangalore Office 48,Head Office,Delivery,Bangalore Division,Bangalore Region,KARNATAKA Circle,Bangalore,Bangalore,KARNATAKA
560450,Bangalore Office 49,Sub Office,Non-Delivery,Bangalore Division,Bangalore Region,KARNATAKA Circle,Bangalore,Bangalore,KARNATAKA
220451,Lucknow Office 0,Head Office,Delivery,Lucknow Division,Lucknow Region,UTTAR PRADESH Circle,Lucknow,Lucknow,UTTAR PRADESH
220452,Lucknow Office 1,Sub Office,Non-Delivery,Lucknow Division,Lucknow Region,UTTAR PRADESH Circle,Lucknow,Lucknow,UTTAR PRADESH
220453,Lucknow Office 2,Branch Office,Delivery,Lucknow Division,Lucknow Region,UTTAR PRADESH Circle,Lucknow,Lucknow,UTTAR PRADESH
220454,Lucknow Office 3,Head Office,Non-Delivery,Lucknow Division,Lucknow Region,UTTAR PRADESH Circle,Lucknow,Lucknow,UTTAR PRADESH
220455,Lucknow Office 4,Sub Office,Delivery,Lucknow Division,Lucknow Region,UTTAR PRADESH Circle,Lucknow,Lucknow,UTTAR PRADESH
220456,Lucknow Office 5,Branch Office,Non-Delivery,Lucknow Division,Lucknow Region,UTTAR PRADESH Circle,Lucknow,Lucknow,UTTAR PRADESH
220457,Lucknow Office 6,Head Office,Delivery,Lucknow Division,Lucknow Region,UTTAR PRADESH Circle,Lucknow,Lucknow,UTTAR PRADESH
220458,Lucknow Office 7,Sub Office,Non-Delivery,Lucknow Division,Lucknow Region,UTTAR PRADESH Circle,Lucknow,Lucknow,UTTAR PRADESH
220459,Lucknow Office 8,Branch Office,Delivery,Lucknow Division,Lucknow Region,UTTAR PRADESH Circle,Lucknow,Lucknow,UTTAR PRADESH
220460,Lucknow Office 9,Head Office,Non-Delivery,Lucknow Division,Lucknow Region,UTTAR PRADESH Circle,Lucknow,Lucknow,UTTAR PRADESH
220461,Lucknow Office 10,Sub Office,Delivery,Lucknow Division,Lucknow Region,UTTAR PRADESH Circle,Lucknow,Lucknow,UTTAR PRADESH
220462,Lucknow Office 11,Branch Office,Non-Delivery,Lucknow Division,Lucknow Region,UTTAR PRADESH Circle,Lucknow,Lucknow,UTTAR PRADESH
220463,Lucknow Office 12,Head Office,Delivery,Lucknow Division,Lucknow Region,UTTAR PRADESH Circle,Lucknow,Lucknow,UTTAR PRADESH
220464,Lucknow Office 13,Sub Office,Non-Delivery,Lucknow Division,Lucknow Region,UTTAR PRADESH Circle,Lucknow,Lucknow,UTTAR PRADESH
220465,Lucknow Office 14,Branch Office,Delivery,Lucknow Division,Lucknow Region,UTTAR PRADESH Circle,Lucknow,Lucknow,UTTAR PRADESH
220466,Lucknow Office 15,Head Office,Non-Delivery,Lucknow Division,Lucknow Region,UTTAR PRADESH Circle,Lucknow,Lucknow,UTTAR PRADESH
220467,Lucknow Office 16,Sub Office,Delivery,Lucknow Division,Lucknow Region,UTTAR PRADESH Circle,Lucknow,Lucknow,UTTAR PRADESH
220468,Lucknow Office 17,Branch Office,Non-Delivery,Lucknow Division,Lucknow Region,UTTAR PRADESH Circle,Lucknow,Lucknow,UTTAR PRADESH
220469,Lucknow Office 18,Head Office,Delivery,Lucknow Division,Lucknow Region,UTTAR PRADESH Circle,Lucknow,Lucknow,UTTAR PRADESH
220470,Lucknow Office 19,Sub Office,Non-Delivery,Lucknow Division,Lucknow Region,UTTAR PRADESH Circle,Lucknow,Lucknow,UTTAR PRADESH
220471,Lucknow Office 20,Branch Office,Delivery,Lucknow Division,Lucknow Region,UTTAR PRADESH Circle,Lucknow,Lucknow,UTTAR PRADESH
220472,Lucknow Office 21,Head Office,Non-Delivery,Lucknow Division,Lucknow Region,UTTAR PRADESH Circle,Lucknow,Lucknow,UTTAR PRADESH
220473,Lucknow Office 22,Sub Office,Delivery,Lucknow Division,Lucknow Region,UTTAR PRADESH Circle,Lucknow,Lucknow,UTTAR PRADESH
220474,Lucknow Office 23,Branch Office,Non-Delivery,Lucknow Division,Lucknow Region,UTTAR PRADESH Circle,Lucknow,Lucknow,UTTAR PRADESH
220475,Lucknow Office 24,Head Office,Delivery,Lucknow Division,Lucknow Region,UTTAR PRADESH Circle,Lucknow,Lucknow,UTTAR PRADESH
220476,Lucknow Office 25,Sub Office,Non-Delivery,Lucknow Division,Lucknow Region,UTTAR PRADESH Circle,Lucknow,Lucknow,UTTAR PRADESH
220477,Lucknow Office 26,Branch Office,Delivery,Lucknow Division,Lucknow Region,UTTAR PRADESH Circle,Lucknow,Lucknow,UTTAR PRADESH
220478,Lucknow Office 27,Head Office,Non-Delivery,Lucknow Division,Lucknow Region,UTTAR PRADESH Circle,Lucknow,Lucknow,UTTAR PRADESH
220479,Lucknow Office 28,Sub Office,Delivery,Lucknow Division,Lucknow Region,UTTAR PRADESH Circle,Lucknow,Lucknow,UTTAR PRADESH
220480,Lucknow Office 29,Branch Office,Non-Delivery,Lucknow Division,Lucknow Region,UTTAR PRADESH Circle,Lucknow,Lucknow,UTTAR PRADESH
220481,Lucknow Office 30,Head Office,Delivery,Lucknow Division,Lucknow Region,UTTAR PRADESH Circle,Lucknow,Lucknow,UTTAR PRADESH
220482,Lucknow Office 31,Sub Office,Non-Delivery,Lucknow Division,Lucknow Region,UTTAR PRADESH Circle,Lucknow,Lucknow,UTTAR PRADESH
220483,Lucknow Office 32,Branch Office,Delivery,Lucknow Division,Lucknow Region,UTTAR PRADESH Circle,Lucknow,Lucknow,UTTAR PRADESH
220484,Lucknow Office 33,Head Office,Non-Delivery,Lucknow Division,Lucknow Region,UTTAR PRADESH Circle,Lucknow,Lucknow,UTTAR PRADESH
220485,Lucknow Office 34,Sub Office,Delivery,Lucknow Division,Lucknow Region,UTTAR PRADESH Circle,Lucknow,Lucknow,UTTAR PRADESH
220486,Lucknow Office 35,Branch Office,Non-Delivery,Lucknow Division,Lucknow Region,UTTAR PRADESH Circle,Lucknow,Lucknow,UTTAR PRADESH
220487,Lucknow Office 36,Head Office,Delivery,Lucknow Division,Lucknow Region,UTTAR PRADESH Circle,Lucknow,Lucknow,UTTAR PRADESH
220488,Lucknow Office 37,Sub Office,Non-Delivery,Lucknow Division,Lucknow Region,UTTAR PRADESH Circle,Lucknow,Lucknow,UTTAR PRADESH
220489,Lucknow Office 38,Branch Office,Delivery,Lucknow Division,Lucknow Region,UTTAR PRADESH Circle,Lucknow,Lucknow,UTTAR PRADESH
220490,Lucknow Office 39,Head Office,Non-Delivery,Lucknow Division,Lucknow Region,UTTAR PRADESH Circle,Lucknow,Lucknow,UTTAR PRADESH
220491,Lucknow Office 40,Sub Office,Delivery,Lucknow Division,Lucknow Region,UTTAR PRADESH Circle,Lucknow,Lucknow,UTTAR PRADESH
220492,Lucknow Office 41,Branch Office,Non-Delivery,Lucknow Division,Lucknow Region,UTTAR PRADESH Circle,Lucknow,Lucknow,UTTAR PRADESH
220493,Lucknow Office 42,Head Office,Delivery,Lucknow Division,Lucknow Region,UTTAR PRADESH Circle,Lucknow,Lucknow,UTTAR PRADESH
220494,Lucknow Office 43,Sub Office,Non-Delivery,Lucknow Division,Lucknow Region,UTTAR PRADESH Circle,Lucknow,Lucknow,UTTAR PRADESH
220495,Lucknow Office 44,Branch Office,Delivery,Lucknow Division,Lucknow Region,UTTAR PRADESH Circle,Lucknow,Lucknow,UTTAR PRADESH
220496,Lucknow Office 45,Head Office,Non-Delivery,Lucknow Division,Lucknow Region,UTTAR PRADESH Circle,Lucknow,Lucknow,UTTAR PRADESH
220497,Lucknow Office 46,Sub Office,Delivery,Lucknow Division,Lucknow Region,UTTAR PRADESH Circle,Lucknow,Lucknow,UTTAR PRADESH
220498,Lucknow Office 47,Branch Office,Non-Delivery,Lucknow Division,Lucknow Region,UTTAR PRADESH Circle,Lucknow,Lucknow,UTTAR PRADESH
220499,Lucknow Office 48,Head Office,Delivery,Lucknow Division,Lucknow Region,UTTAR PRADESH Circle,Lucknow,Lucknow,UTTAR PRADESH
220500,Lucknow Office 49,Sub Office,Non-Delivery,Lucknow Division,Lucknow Region,UTTAR PRADESH Circle,Lucknow,Lucknow,UTTAR PRADESH